City_ID,City,Lat,Lng,Max Temp,Humidity,Cloudiness,Wind Speed,Country,Date
0,pangnirtung,66.1451,-65.7125,241.15,62,20,0.0,CA,1676655152
1,kaitangata,-46.2817,169.8464,283.4,94,78,1.65,NZ,1676655153
2,ushuaia,-54.8,-68.3,285.96,71,40,6.69,AR,1676655153
3,morant bay,17.8815,-76.4093,302.99,66,4,5.42,JM,1676655154
4,kavaratti,10.5669,72.642,299.71,69,22,2.4,IN,1676655154
5,barrow,71.2906,-156.7887,246.16,83,75,2.06,US,1676655155
6,presidencia roque saenz pena,-26.7852,-60.4388,296.72,21,18,8.06,AR,1676655156
7,castro,-24.7911,-50.0119,293.11,85,100,3.36,BR,1676655156
8,daru,-9.0763,143.2092,298.44,88,100,2.67,PG,1676655157
9,port alfred,-33.5906,26.891,292.69,95,98,0.45,ZA,1676655157
10,mbaiki,3.8678,17.9892,299.71,25,99,0.72,CF,1676655157
11,bethel,41.3712,-73.414,288.08,83,100,0.89,US,1676655158
12,mahebourg,-20.4081,57.7,298.31,83,40,1.54,MU,1676655158
13,jamestown,42.097,-79.2353,269.92,97,100,7.2,US,1676655159
14,rikitea,-23.1203,-134.9692,299.64,75,12,6.47,PF,1676655159
15,raga,8.4596,25.678,296.4,18,90,2.14,SS,1676655159
16,arraial do cabo,-22.9661,-42.0278,307.13,62,0,7.2,BR,1676654871
17,mataura,-46.1927,168.8643,282.44,99,72,1.12,NZ,1676655160
18,upernavik,72.7868,-56.1549,245.13,97,88,3.67,GL,1676655160
19,hermanus,-34.4187,19.2345,292.48,79,95,5.82,ZA,1676655161
20,coquimbo,-29.9533,-71.3436,296.0,64,0,6.17,CL,1676654903
21,shache,38.4167,77.2406,275.33,53,55,2.61,CN,1676655161
22,avarua,-21.2078,-159.775,299.18,89,75,1.54,CK,1676655162
23,tupik,54.4253,119.9327,246.14,99,83,1.28,RU,1676655162
24,khatanga,71.9667,102.5,239.26,100,96,1.68,RU,1676655163
25,albany,42.6001,-73.9662,280.19,81,100,1.34,US,1676655051
26,cayenne,4.9333,-52.3333,303.17,66,40,6.69,GF,1676654870
27,chilca,-12.5211,-76.7372,298.08,76,82,3.5,PE,1676655164
28,cape town,-33.9258,18.4232,295.38,68,20,11.32,ZA,1676655082
29,srivardhan,18.0333,73.0167,298.74,41,2,2.44,IN,1676655164
30,ojhar,20.1,73.9333,295.41,18,0,2.04,IN,1676655164
31,okha,53.5739,142.9478,244.66,100,76,3.01,RU,1676655165
32,thompson,55.7435,-97.8558,255.24,71,40,5.66,CA,1676655165
33,tasiilaq,65.6145,-37.6368,262.24,70,93,1.85,GL,1676655165
34,kodiak,57.79,-152.4072,276.88,56,40,9.26,US,1676655166
35,bambous virieux,-20.3428,57.7575,298.29,83,40,1.54,MU,1676655166
36,altamirano,16.8833,-92.15,291.91,63,85,2.25,MX,1676655167
37,sambava,-14.2667,50.1667,299.08,83,67,1.17,MG,1676655167
38,iskateley,67.6803,53.1512,260.93,89,16,6.93,RU,1676655167
39,saint-philippe,-21.3585,55.7679,299.92,83,58,4.78,RE,1676655168
40,hami,42.8,93.45,271.56,34,0,4.93,CN,1676655168
41,mar del plata,-38.0023,-57.5575,290.34,53,75,8.23,AR,1676654932
42,kapaa,22.0752,-159.319,293.33,91,75,2.06,US,1676655169
43,katsuura,35.1333,140.3,281.23,68,2,3.03,JP,1676655169
44,lebu,-37.6167,-73.65,292.82,44,3,10.1,CL,1676655169
45,kondinskoye,59.6481,67.41,252.05,100,28,2.17,RU,1676655170
46,biak,-0.9131,122.8766,298.07,84,97,1.92,ID,1676655170
47,lavrentiya,65.5833,-171.0,244.66,93,100,6.17,RU,1676655170
48,ust-maya,60.4167,134.5333,237.25,100,94,0.81,RU,1676655171
49,qaanaaq,77.484,-69.3632,249.42,76,100,0.91,GL,1676655171
50,papar,5.7333,115.9333,297.15,88,100,1.23,MY,1676655172
51,touros,-5.1989,-35.4608,303.18,58,99,6.56,BR,1676654929
52,leningradskiy,69.3833,178.4167,234.87,99,96,1.81,RU,1676655172
53,hobart,-42.8794,147.3294,288.18,84,51,1.54,AU,1676655157
54,kutum,14.2,24.6667,289.59,16,0,5.99,SD,1676655173
55,punta arenas,-53.15,-70.9167,286.21,67,75,8.23,CL,1676655019
56,dikson,73.5069,80.5464,260.5,94,100,11.54,RU,1676655173
57,hilo,19.7297,-155.09,294.6,97,100,4.63,US,1676655173
58,georgetown,5.4112,100.3354,301.11,75,20,2.06,MY,1676655157
59,san cristobal,7.7669,-72.225,292.25,59,86,1.46,VE,1676654904
60,tsumeb,-19.2333,17.7167,296.3,18,18,3.81,NA,1676655174
61,saint george,37.1041,-113.5841,277.28,32,0,1.54,US,1676655163
62,narsaq,60.9167,-46.05,274.27,81,100,5.53,GL,1676655175
63,bredasdorp,-34.5322,20.0403,292.55,74,100,4.49,ZA,1676655175
64,saint-pierre,-21.3393,55.4781,299.97,69,100,6.17,RE,1676655176
65,butaritari,3.0707,172.7902,299.61,79,77,2.41,KI,1676655177
66,iskele,39.484,26.9278,281.2,71,0,2.06,TR,1676655177
67,kavieng,-2.5744,150.7967,300.06,80,100,1.86,PG,1676655177
68,souillac,-20.5167,57.5167,298.36,83,40,1.54,MU,1676655178
69,ancud,-41.8697,-73.8203,290.48,45,0,1.64,CL,1676655178
70,buchanan,5.8808,-10.0467,301.22,73,5,4.36,LR,1676655178
71,nikolskoye,59.7035,30.7861,270.09,91,100,5.31,RU,1676655179
72,sabha,27.0377,14.4283,287.6,36,100,4.31,LY,1676655179
73,atuona,-9.8,-139.0333,299.39,77,68,10.13,PF,1676655180
74,norman wells,65.282,-126.8329,248.85,93,95,2.02,CA,1676655174
75,leh,34.1667,77.5833,267.14,75,100,0.4,IN,1676655180
76,tiksi,71.6872,128.8694,248.38,100,100,1.23,RU,1676655181
77,coahuayana,18.7333,-103.6833,303.12,39,58,2.53,MX,1676655181
78,masalli,34.7959,126.6553,280.97,90,96,1.83,KR,1676655181
79,hasaki,35.7333,140.8333,273.37,60,38,2.25,JP,1676655182
80,te anau,-45.4167,167.7167,283.68,95,86,0.41,NZ,1676655183
81,qaqortoq,60.7167,-46.0333,272.52,74,100,7.02,GL,1676655183
82,chuy,-33.6971,-53.4616,293.19,30,34,10.2,UY,1676655184
83,luderitz,-26.6481,15.1594,291.48,89,0,6.22,NA,1676655185
84,pedernales,18.0384,-71.744,302.53,54,0,1.58,DO,1676655186
85,kozhva,65.1073,57.0459,256.6,98,23,2.91,RU,1676655186
86,kaabong,3.4836,34.1492,295.65,33,36,4.83,UG,1676655187
87,longyearbyen,78.2186,15.6401,267.06,63,40,12.86,SJ,1676655187
88,faanui,-16.4833,-151.75,300.17,75,98,3.71,PF,1676655188
89,port hardy,50.6996,-127.4199,275.25,100,100,2.06,CA,1676655188
90,aberdeen,57.1437,-2.0981,280.42,68,94,7.2,GB,1676655044
91,gazalkent,41.5581,69.7708,276.84,99,100,1.01,UZ,1676655189
92,amuntai,-2.4177,115.2494,296.39,95,58,1.04,ID,1676655190
93,carlsbad,33.1581,-117.3506,290.83,33,0,2.24,US,1676655174
94,geraldton,-28.7667,114.6,294.38,78,0,8.23,AU,1676655191
95,new norfolk,-42.7826,147.0587,287.99,56,45,1.34,AU,1676655192
96,tuatapere,-46.1333,167.6833,284.1,94,53,1.89,NZ,1676655192
97,vaini,-21.2,-175.2,298.24,94,75,2.57,TO,1676655193
98,padang,-0.9492,100.3543,298.18,85,90,2.06,ID,1676654927
99,east london,-33.0153,27.9116,291.67,100,100,6.17,ZA,1676655179
100,ponta do sol,32.6667,-17.1,290.93,82,75,2.66,PT,1676655194
101,sur,22.5667,59.5289,296.46,52,0,0.64,OM,1676655194
102,salekhard,66.53,66.6019,257.29,90,100,3.0,RU,1676655195
103,rudarpur,26.4394,83.6144,291.78,47,0,1.62,IN,1676655196
104,preobrazheniye,42.9019,133.9064,270.36,80,67,2.99,RU,1676655196
105,busselton,-33.65,115.3333,287.85,89,0,4.63,AU,1676655197
106,saint-francois,46.4154,3.9054,284.84,92,100,1.03,FR,1676655198
107,chincha alta,-13.4099,-76.1323,299.48,71,99,4.26,PE,1676655200
108,le port,-20.9373,55.2919,300.15,83,60,1.41,RE,1676655201
109,truro,50.2653,-5.0544,284.75,100,100,8.75,GB,1676655053
110,muisne,0.6,-80.0333,301.07,73,10,4.01,EC,1676655202
111,ribeira grande,38.5167,-28.7,289.37,72,75,6.71,PT,1676655203
112,bonavista,48.6499,-53.1147,272.08,84,98,4.95,CA,1676655204
113,severo-kurilsk,50.6789,156.125,267.27,81,99,7.69,RU,1676655204
114,nishihara,26.1842,127.7558,291.75,59,20,5.14,JP,1676655205
115,koumra,8.9126,17.5539,302.2,15,56,2.07,TD,1676655205
116,auki,-8.7676,160.7034,299.32,88,97,1.79,SB,1676655206
117,kibuye,-2.0597,29.3482,295.33,56,78,0.45,RW,1676655206
118,novo aripuana,-5.1206,-60.3797,298.03,87,100,1.29,BR,1676655207
119,lorengau,-2.0226,147.2712,299.89,80,100,2.27,PG,1676655208
120,meulaboh,4.1363,96.1285,297.46,91,75,2.1,ID,1676655208
121,bengkulu,-3.8004,102.2655,297.75,84,100,1.8,ID,1676655209
122,lazaro cardenas,17.9583,-102.2,301.15,52,17,3.55,MX,1676655210
123,krasnoselkup,65.7,82.4667,266.56,95,100,5.13,RU,1676655211
124,airai,-8.9266,125.4092,288.8,90,100,0.52,TL,1676655211
125,yellowknife,62.456,-114.3525,237.44,68,20,2.06,CA,1676655212
126,moncton,46.1159,-64.8019,271.66,81,100,6.17,CA,1676655212
127,porto belo,-27.1578,-48.5531,302.12,71,100,2.22,BR,1676655213
128,susangerd,31.5608,48.1831,283.91,30,0,6.32,IR,1676655214
129,acapulco,16.8634,-99.8901,302.05,65,20,3.09,MX,1676654943
130,port blair,11.6667,92.75,297.17,94,20,0.0,IN,1676655214
131,tieli,46.95,128.05,253.52,99,88,1.99,CN,1676655215
132,kyra,49.5776,111.9753,249.41,93,20,2.15,RU,1676655215
133,santa helena,-2.2311,-45.3,300.78,87,71,1.74,BR,1676655216
134,sayyan,15.1718,44.3244,286.05,32,0,1.83,YE,1676655216
135,mayya,61.7333,130.2811,238.77,99,98,1.24,RU,1676655217
136,altay,47.8667,88.1167,258.75,53,1,3.67,CN,1676655217
137,shirgaon,19.7,72.7,298.7,41,0,3.04,IN,1676655218
138,itarema,-2.9248,-39.9167,302.27,65,70,5.54,BR,1676655218
139,vostochnyy,55.8167,37.8667,267.25,100,90,2.05,RU,1676655054
140,puerto ayora,-0.7393,-90.3518,303.13,88,23,3.58,EC,1676655219
141,chake chake,-5.2459,39.7666,299.43,75,75,6.27,TZ,1676655219
142,jiaocheng,24.6774,116.1389,286.35,68,65,0.81,CN,1676655220
143,provideniya,64.3833,-173.3,253.97,80,100,6.36,RU,1676655221
144,kirakira,-10.4544,161.9205,299.14,85,94,1.5,SB,1676655221
145,sitka,57.0531,-135.33,276.09,75,100,6.69,US,1676654953
146,talnakh,69.4865,88.3972,254.93,92,99,3.92,RU,1676655222
147,camacha,33.0833,-16.3333,288.83,63,20,8.23,PT,1676655222
148,torbay,47.6666,-52.7314,276.58,60,100,6.69,CA,1676655223
149,athabasca,54.7169,-113.2854,268.38,89,93,2.88,CA,1676655051
150,rio gallegos,-51.6226,-69.2181,288.18,51,75,6.17,AR,1676655224
151,mayo,38.8876,-76.5119,286.64,84,100,9.26,US,1676655224
152,ilulissat,69.2167,-51.1,259.16,47,40,3.6,GL,1676655224
153,bluff,-46.6,168.3333,285.51,91,31,3.59,NZ,1676655225
154,buriti bravo,-5.8372,-43.8336,301.72,74,68,0.63,BR,1676655225
155,sajanan,37.0573,9.2426,285.66,82,4,0.75,TN,1676655226
156,saldanha,-33.0117,17.9442,297.18,83,15,11.08,ZA,1676655226
157,nola,40.922,14.5329,286.07,86,11,1.39,IT,1676655226
158,kailua,21.4022,-157.7394,294.14,97,100,0.89,US,1676655174
159,houma,29.5958,-90.7195,284.15,66,0,8.23,US,1676655227
160,kismayo,-0.3582,42.5454,298.55,89,36,7.6,SO,1676655227
161,ponta delgada,37.7333,-25.6667,289.55,77,75,4.63,PT,1676655228
162,lagos,6.5833,3.75,306.33,34,9,3.53,NG,1676654953
163,tuktoyaktuk,69.4541,-133.0374,235.15,74,0,3.09,CA,1676655228
164,samarai,-10.6167,150.6667,300.58,78,92,2.03,PG,1676655229
165,karatau,43.1667,70.4667,275.24,91,99,5.86,KZ,1676655229
166,najran,17.4924,44.1277,290.51,28,0,2.05,SA,1676655230
167,mikhaylovsk,45.1283,42.0256,269.27,93,100,5.0,RU,1676655230
168,san pedro,14.35,121.0167,298.72,77,75,1.54,PH,1676655230
169,ereymentau,51.6199,73.1033,262.21,90,100,3.58,KZ,1676655231
170,vinh,18.6667,105.6667,289.94,92,71,1.17,VN,1676655130
171,tortoli,39.9256,9.6572,285.05,82,40,4.12,IT,1676655232
172,saravan,39.7196,45.6483,259.96,71,4,2.99,AM,1676655232
173,san quintin,30.4833,-115.95,286.58,33,100,0.04,MX,1676655232
174,miraflores,19.2167,-98.8083,295.36,27,4,1.29,MX,1676655233
175,de land,29.0283,-81.3031,303.84,51,0,6.17,US,1676655075
176,celles,50.7123,3.4573,284.38,92,100,2.24,BE,1676655233
177,coihaique,-45.5752,-72.0662,292.12,32,0,1.03,CL,1676655234
178,kapit,2.0167,112.9333,295.94,100,96,0.23,MY,1676655234
179,salasu de sus,45.5167,22.95,277.79,84,80,1.24,RO,1676655234
180,mezen,65.8522,44.24,264.03,88,23,6.2,RU,1676655235
181,axim,4.8699,-2.2405,301.16,71,16,4.48,GH,1676655235
182,devils lake,48.1128,-98.8651,270.9,71,0,9.26,US,1676655236
183,ambilobe,-13.2,49.05,297.64,91,95,1.09,MG,1676655236
184,zhuhai,22.2769,113.5678,292.51,94,20,1.54,CN,1676655237
185,charters towers,-20.1,146.2667,293.48,64,100,1.15,AU,1676655237
186,viana,-20.3903,-40.4961,304.02,54,62,4.16,BR,1676655221
187,vila franca do campo,37.7167,-25.4333,289.38,83,85,3.37,PT,1676655238
188,nyurba,63.2842,118.3319,256.99,96,100,2.32,RU,1676655238
189,raudeberg,61.9875,5.1352,277.52,76,100,10.38,NO,1676655239
190,mananjary,-21.2167,48.3333,298.53,85,100,3.19,MG,1676655239
191,salinopolis,-0.6136,-47.3561,298.02,89,100,3.17,BR,1676655006
192,pevek,69.7008,170.3133,230.74,98,85,2.16,RU,1676655239
193,nome,64.5011,-165.4064,260.19,61,0,9.77,US,1676655240
194,cidreira,-30.1811,-50.2056,296.85,69,100,6.32,BR,1676655240
195,hope,33.6671,-93.5916,280.18,36,4,3.29,US,1676655051
196,shanghai,31.2222,121.4581,284.78,66,0,1.79,CN,1676655091
197,college,64.8569,-147.8028,247.12,77,40,1.54,US,1676655241
198,saint-joseph,-21.3667,55.6167,299.36,82,54,5.22,RE,1676655241
199,hofn,64.2539,-15.2082,272.16,55,0,3.09,IS,1676655242
200,ha tinh,18.3333,105.9,289.76,92,57,1.16,VN,1676655243
201,bathsheba,13.2167,-59.5167,302.49,58,20,10.29,BB,1676655245
202,margate,51.3813,1.3862,285.76,81,94,2.68,GB,1676655245
203,bandarbeyla,9.4942,50.8122,297.49,72,7,6.96,SO,1676655246
204,ruteng,-8.6136,120.4721,289.85,92,98,0.82,ID,1676655246
205,lata,40.1629,-8.3327,286.09,51,0,1.74,PT,1676655247
206,yatou,37.15,122.3833,277.21,91,78,1.77,CN,1676655247
207,san patricio,28.017,-97.5169,283.1,33,96,7.43,US,1676655248
208,caucaia,-3.7361,-38.6531,304.12,75,40,7.72,BR,1676655248
209,neiafu,-18.65,-173.9833,299.53,94,40,3.09,TO,1676655249
210,brae,60.3964,-1.353,278.43,60,84,11.58,GB,1676655250
211,sumenep,-7.0167,113.8667,297.95,91,100,3.87,ID,1676655250
212,san lorenzo,-25.3333,-57.5333,292.67,83,100,6.69,PY,1676655251
213,kabalo,-6.05,26.9167,296.11,83,42,0.62,CD,1676655252
214,esperance,-33.8667,121.9,291.19,87,0,2.87,AU,1676655252
215,vardo,70.3705,31.1107,273.14,93,75,4.12,NO,1676655253
216,constitucion,-35.3333,-72.4167,294.81,39,3,4.36,CL,1676655176
217,marawi,7.9986,124.2928,293.49,99,100,1.47,PH,1676655254
218,jamui,24.9167,86.2167,293.23,41,0,1.35,IN,1676655254
219,tura,25.5198,90.2201,290.93,42,8,1.69,IN,1676655255
220,hamilton,39.1834,-84.5333,273.0,71,100,7.2,US,1676655210
221,wattegama,6.7989,81.4808,294.97,91,12,2.61,LK,1676655256
222,queimadas,-10.9783,-39.6264,308.86,27,100,4.05,BR,1676655257
223,kahului,20.8947,-156.47,294.73,92,75,2.06,US,1676655258
224,balabac,7.9868,117.0645,299.24,81,70,8.47,PH,1676655258
225,smithers,54.7804,-127.1743,270.33,74,100,4.12,CA,1676655259
226,tucuman,-26.8241,-65.2226,289.15,55,100,2.06,AR,1676655260
227,asau,46.4333,26.4,280.66,90,70,3.53,RO,1676655260
228,strai,58.2,7.9,280.48,61,20,11.32,NO,1676655029
229,manokwari,-0.8667,134.0833,298.59,85,100,1.63,ID,1676655261
230,mahibadhoo,3.7833,72.9667,300.27,74,99,6.29,MV,1676655262
231,tecpatan,17.1333,-93.3,293.65,95,99,2.77,MX,1676655262
232,saquarema,-22.92,-42.5103,307.23,82,100,2.02,BR,1676655263
233,cherskiy,68.75,161.3,227.64,100,67,1.09,RU,1676655264
234,bandar-e anzali,37.4727,49.4622,279.21,73,25,3.13,IR,1676655264
235,vostok,46.4856,135.8833,262.11,98,100,1.78,RU,1676655265
236,mount gambier,-37.8333,140.7667,286.06,92,50,1.59,AU,1676655003
237,belmonte,-15.8631,-38.8828,302.39,63,43,4.53,BR,1676655266
238,portland,45.5234,-122.6762,279.16,81,75,2.24,US,1676655130
239,xinmin,41.9908,122.8253,271.75,88,60,1.11,CN,1676655268
240,shakiso,5.75,38.9167,292.42,30,100,2.91,ET,1676655268
241,kiunga,-6.1219,141.2906,296.08,98,100,0.68,PG,1676655269
242,jodhpur,26.2867,73.03,296.79,16,0,1.61,IN,1676655270
243,srednekolymsk,67.45,153.6833,228.56,100,64,0.55,RU,1676655270
244,virginia beach,36.8529,-75.978,293.74,90,100,6.17,US,1676655227
245,grand-santi,4.25,-54.3833,302.23,66,86,1.53,GF,1676655271
246,ozernovskiy,51.5,156.5167,262.47,88,99,2.89,RU,1676655272
247,yaan,7.3833,8.5667,304.53,14,31,2.73,NG,1676655273
248,maniitsoq,65.4167,-52.9,265.27,67,100,3.04,GL,1676655273
249,bambanglipuro,-7.95,110.2833,297.97,89,100,2.27,ID,1676655274
250,beira,-19.8436,34.8389,300.2,94,40,5.39,MZ,1676655274
251,bukan,36.521,46.2089,268.27,69,0,1.54,IR,1676655275
252,huarmey,-10.0681,-78.1522,299.32,69,89,3.96,PE,1676655275
253,vicuna,-30.0319,-70.7081,303.58,40,3,4.5,CL,1676655276
254,taloqan,36.7361,69.5345,282.75,92,100,1.86,AF,1676655276
255,vestmannaeyjar,63.4427,-20.2734,275.7,87,75,3.09,IS,1676655277
256,haines junction,60.7522,-137.5108,251.12,77,100,0.51,CA,1676655277
257,ayagoz,47.9714,80.4392,251.02,95,4,2.42,KZ,1676655278
258,grindavik,63.8424,-22.4338,274.12,93,75,5.14,IS,1676655278
259,itaobim,-16.5667,-41.8333,305.14,47,100,1.25,BR,1676655279
260,northam,51.0333,-4.2167,285.03,100,100,6.24,GB,1676655279
261,sorland,67.667,12.6934,275.07,82,100,8.98,NO,1676655279
262,van,38.4924,43.3831,264.79,67,20,1.54,TR,1676655280
263,balbalan,17.4414,121.2019,288.51,97,99,0.42,PH,1676655280
264,guerrero negro,27.9769,-114.0611,288.74,22,100,0.66,MX,1676655281
265,saint-georges,12.0564,-61.7485,301.97,61,40,11.32,GD,1676655087
266,thinadhoo,0.5333,72.9333,300.5,76,37,4.6,MV,1676655281
267,abu samrah,35.3029,37.1841,280.49,57,1,2.56,SY,1676655282
268,sosnovo-ozerskoye,52.5249,111.5418,252.67,97,87,3.87,RU,1676655282
269,kanye,-24.9667,25.3327,292.37,84,97,2.13,BW,1676655282
270,ahipara,-35.1667,173.1667,287.61,90,39,2.21,NZ,1676655283
271,tabas,33.5959,56.9244,282.27,61,24,1.03,IR,1676655283
272,taruma,-22.7467,-50.5772,295.01,95,100,3.7,BR,1676655284
273,kuah,6.3265,99.8432,301.14,65,20,3.09,MY,1676655284
274,nauta,-4.5061,-73.5757,301.35,80,76,1.49,PE,1676655284
275,pierre,44.3683,-100.351,276.4,54,0,4.92,US,1676655285
276,vysokogornyy,50.1167,139.15,254.49,100,99,0.4,RU,1676655285
277,mount isa,-20.7333,139.5,295.02,100,100,4.63,AU,1676655093
278,harper,4.375,-7.7169,301.81,70,12,4.99,LR,1676655286
279,alausi,-2.2,-78.8333,286.98,82,87,3.02,EC,1676655286
280,changli,39.7042,119.1506,275.81,71,81,0.77,CN,1676655287
281,gorontalo,0.5412,123.0595,296.97,96,87,1.7,ID,1676655287
282,taicheng,38.731,113.228,271.68,91,100,1.06,CN,1676655287
283,lompoc,34.6391,-120.4579,287.0,60,75,3.6,US,1676655072
284,labuhan,-6.8844,112.2051,298.32,90,100,4.8,ID,1676655288
285,paamiut,61.994,-49.6678,274.71,70,100,14.82,GL,1676655288
286,greenville,35.6127,-77.3663,293.24,97,100,3.6,US,1676655010
287,maragogi,-9.0122,-35.2225,301.91,65,25,5.08,BR,1676655237
288,hithadhoo,-0.6,73.0833,300.52,76,90,3.32,MV,1676655289
289,ammon,43.4696,-111.9666,261.22,76,0,3.6,US,1676655289
290,bronnoysund,65.4625,12.1997,275.15,75,0,0.51,NO,1676655290
291,kamina,-8.7386,24.9906,292.81,86,52,2.23,CD,1676655291
292,takaka,-40.85,172.8,290.68,90,98,0.65,NZ,1676655291
293,bilaspur,22.0833,82.15,292.1,35,0,2.78,IN,1676655292
294,akyab,20.15,92.9,293.34,71,0,3.44,MM,1676655292
295,eureka,40.8021,-124.1637,281.07,76,39,0.45,US,1676655293
296,rio grande,-32.035,-52.0986,295.21,23,91,11.04,BR,1676655249
297,vanavara,60.34,102.2797,263.11,94,100,3.62,RU,1676655294
298,riviere-du-loup,47.8304,-69.5342,260.64,85,100,5.66,CA,1676655294
299,honningsvag,70.9821,25.9704,273.01,86,75,3.6,NO,1676655294
300,port elizabeth,-33.918,25.5701,293.76,88,20,1.03,ZA,1676655295
301,buenos aires,-34.6132,-58.3772,288.0,63,100,3.6,AR,1676655218
302,fujin,47.26,132.0322,256.12,93,57,3.11,CN,1676655295
303,cabedelo,-6.9811,-34.8339,303.52,66,12,5.93,BR,1676655296
304,san fernando,15.0286,120.6898,297.0,79,100,3.6,PH,1676655296
305,moba,33.2288,105.0179,275.99,77,100,2.75,CN,1676655297
306,nabire,-3.3667,135.4833,297.68,91,100,0.76,ID,1676655297
307,cernavoda,44.3667,28.0167,277.73,66,54,1.6,RO,1676655298
308,buncrana,55.1333,-7.45,282.02,87,100,2.42,IE,1676655298
309,skibotn,69.3913,20.2679,267.65,92,76,5.54,NO,1676655299
310,jijiga,9.35,42.8,290.73,55,79,5.03,ET,1676655299
311,sanquelim,15.5833,74.0,298.38,45,2,1.32,IN,1676655300
312,hambantota,6.1241,81.1185,297.22,84,33,5.34,LK,1676655300
313,sao filipe,14.8961,-24.4956,295.43,70,80,4.3,CV,1676655300
314,praia da vitoria,38.7333,-27.0667,289.68,82,75,3.05,PT,1676655301
315,pangody,65.85,74.4859,263.61,92,100,4.21,RU,1676655302
316,korba,22.35,82.6833,291.79,38,0,2.25,IN,1676655302
317,bilma,18.6853,12.9164,293.18,16,95,3.62,NE,1676655303
318,sao raimundo das mangabeiras,-7.0219,-45.4811,304.5,53,35,0.89,BR,1676655304
319,sao joao da barra,-21.6403,-41.0511,305.2,85,83,7.14,BR,1676655305
320,chanthaburi,12.8333,102.1667,290.69,65,66,1.17,TH,1676655306
321,grand gaube,-20.0064,57.6608,298.37,74,79,2.24,MU,1676655306
322,manzhouli,49.6,117.4333,251.59,95,32,3.61,CN,1676655307
323,kruisfontein,-34.0033,24.7314,292.53,97,100,2.98,ZA,1676655307
324,ramshir,30.8946,49.4092,285.01,39,0,3.97,IR,1676655308
325,yarmouth,41.7057,-70.2286,287.02,95,100,8.75,US,1676655206
326,korla,41.7597,86.1469,273.79,48,43,5.32,CN,1676655309
327,camacupa,-12.0167,17.4833,292.61,61,81,1.72,AO,1676655310
328,shihezi,44.3,86.0333,258.73,97,81,1.71,CN,1676655311
329,borgloon,50.804,5.3437,285.27,86,75,7.2,BE,1676655311
330,koungou,-12.7336,45.2042,300.99,78,0,3.6,YT,1676655311
331,kyren,51.6828,102.1408,261.11,80,100,1.89,RU,1676655312
332,davidson,36.1501,-86.7833,275.97,68,100,7.2,US,1676655313
333,gornopravdinsk,60.05,69.9,252.7,100,68,1.6,RU,1676655314
334,aswan,24.0934,32.907,293.76,28,0,4.12,EG,1676655315
335,port lincoln,-34.7333,135.8667,289.21,77,34,3.58,AU,1676655052
336,huancabamba,-5.2386,-79.4506,291.65,90,97,1.93,PE,1676655316
337,chokurdakh,70.6333,147.9167,229.12,100,68,1.06,RU,1676655317
338,lasa,46.6166,10.7002,284.64,89,74,2.61,IT,1676655317
339,akureyri,65.6835,-18.0878,271.11,59,75,3.09,IS,1676655318
340,cabo san lucas,22.8909,-109.9124,294.55,70,40,1.03,MX,1676655319
341,moree,-29.4667,149.85,295.99,55,0,5.88,AU,1676655319
342,atbasar,51.8,68.3333,264.76,96,100,2.66,KZ,1676655320
343,lisakovsk,52.5369,62.4936,258.31,99,96,2.41,KZ,1676655320
344,sembe,1.6481,14.5806,299.87,29,56,1.01,CG,1676655321
345,mudgee,-32.5943,149.5871,291.36,62,1,1.39,AU,1676655322
346,nicoya,10.1483,-85.452,304.57,49,40,7.73,CR,1676655323
347,darnah,32.767,22.6367,286.84,66,74,5.16,LY,1676655323
348,isangel,-19.55,169.2667,297.95,80,31,5.54,VU,1676655252
349,roald,62.5833,6.1333,280.24,70,75,8.23,NO,1676655324
350,marzuq,14.4,46.4667,291.28,52,0,1.67,YE,1676655325
351,taoudenni,22.6783,-3.9836,302.42,9,0,4.71,ML,1676655325
352,birganj,27.0104,84.8774,291.58,55,0,1.68,NP,1676655326
353,okhotsk,59.3833,143.3,248.5,76,0,5.97,RU,1676655327
354,salalah,17.0151,54.0924,298.2,69,0,1.54,OM,1676655327
355,carnarvon,-24.8667,113.6333,297.44,71,0,10.3,AU,1676655328
356,zhigansk,66.7697,123.3711,249.12,97,100,5.87,RU,1676655328
357,vao,-22.6667,167.4833,297.29,57,96,4.88,NC,1676655329
358,waingapu,-9.6567,120.2641,298.64,84,55,3.28,ID,1676655330
359,sorsk,54.0033,90.2467,259.21,84,97,2.29,RU,1676655331
360,maumere,-8.6199,122.2111,299.65,87,94,3.42,ID,1676655331
361,cap malheureux,-19.9842,57.6142,297.85,74,82,2.24,MU,1676655332
362,amurzet,47.6967,131.0981,254.52,95,21,2.21,RU,1676655333
363,rancho palos verdes,33.7445,-118.387,288.58,28,75,1.34,US,1676655273
364,tres passos,-27.4556,-53.9319,297.33,46,100,3.46,BR,1676655334
365,port hedland,-20.3167,118.5667,303.18,84,28,3.09,AU,1676655335
366,aloleng,16.1307,119.7824,296.71,76,77,2.92,PH,1676655335
367,baiyin,36.5583,104.2081,270.76,87,88,4.38,CN,1676655227
368,khash,28.2211,61.2158,288.67,25,23,1.28,IR,1676655336
369,kawalu,-7.3817,108.2082,295.37,96,100,0.99,ID,1676655337
370,anadyr,64.75,177.4833,250.43,76,100,2.0,RU,1676655337
371,kieta,-6.2167,155.6333,299.2,83,100,1.57,PG,1676655338
372,gamba,-2.65,10.0,299.46,84,81,2.35,GA,1676655339
373,changqing,36.5575,116.7272,281.86,68,100,2.15,CN,1676655339
374,muhos,64.808,25.9931,274.2,88,100,3.0,FI,1676655340
375,porto santo,33.072,-16.3415,290.36,63,20,8.23,PT,1676655340
376,mattawa,46.7379,-119.9028,276.49,50,83,0.84,US,1676655341
377,chicama,-7.8447,-79.1469,296.45,51,69,4.92,PE,1676655341
378,newport,51.5877,-2.9984,285.99,95,100,4.43,GB,1676655240
379,tilichiki,60.4667,166.1,244.02,93,81,3.54,RU,1676655342
380,clyde river,70.4692,-68.5914,239.28,68,75,1.03,CA,1676655342
381,huescar,37.811,-2.5412,282.18,66,88,3.44,ES,1676655342
382,jiuquan,39.7432,98.5174,266.64,90,97,1.45,CN,1676655343
383,kemijarvi,66.7131,27.4306,272.47,86,100,3.59,FI,1676655243
384,sompeta,18.9333,84.6,295.66,80,1,2.8,IN,1676655343
385,buta,2.7858,24.73,299.72,29,72,1.41,CD,1676655344
386,inhambane,-23.865,35.3833,301.14,78,20,4.63,MZ,1676655344
387,fort saint james,54.4333,-124.25,267.55,88,95,1.04,CA,1676655345
388,quzhou,28.9594,118.8686,283.52,81,32,0.93,CN,1676655345
389,tiarei,-17.5333,-149.3333,299.16,75,93,1.15,PF,1676655346
390,lahij,13.1667,44.5833,294.58,62,4,1.64,YE,1676655346
391,la solana,38.9442,-3.2381,288.26,54,51,8.41,ES,1676655346
392,takoradi,4.8845,-1.7554,300.68,74,23,4.43,GH,1676655347
393,alofi,-19.0595,-169.9187,295.09,100,40,0.51,NU,1676655347
394,gbadolite,4.2833,21.0167,300.69,25,19,0.8,CD,1676655348
395,balkhash,46.844,74.9804,264.44,90,82,3.81,KZ,1676655348
396,muravlenko,63.7898,74.523,264.05,84,100,5.59,RU,1676655348
397,borogontsy,62.6683,131.1683,243.63,98,98,2.65,RU,1676655349
398,mehamn,71.0357,27.8492,273.12,86,75,2.57,NO,1676655349
399,hirara,24.8,125.2833,294.24,69,18,7.71,JP,1676655350
400,izmir,38.4622,27.0923,284.12,76,0,4.12,TR,1676655158
401,jishou,28.3167,109.7167,283.66,83,83,0.64,CN,1676655350
402,rock sound,24.9,-76.2,297.89,69,12,6.67,BS,1676655351
403,tacuarembo,-31.7333,-55.9833,293.03,19,4,9.68,UY,1676655136
404,victoria,22.2855,114.1577,293.12,79,21,3.58,HK,1676655240
405,pacific grove,36.6177,-121.9166,285.18,57,0,0.89,US,1676655351
406,berlevag,70.8578,29.0864,273.15,74,75,6.69,NO,1676655352
407,lokoja,7.8024,6.743,304.72,14,17,2.07,NG,1676655352
408,synya,65.3718,58.0387,257.61,96,34,3.49,RU,1676655352
409,richards bay,-28.783,32.0377,295.94,89,100,2.13,ZA,1676655353
410,ostrovnoy,68.0531,39.5131,267.51,85,100,12.97,RU,1676655353
411,carinhanha,-14.3047,-43.765,308.15,31,98,2.04,BR,1676655354
412,phek,25.6667,94.5,282.77,75,63,0.83,IN,1676655354
413,husavik,66.0449,-17.3389,268.27,76,67,5.62,IS,1676655355
414,dullewala,31.8359,71.4362,292.44,34,100,2.65,PK,1676655355
415,tornio,65.8481,24.1466,273.16,97,79,3.57,FI,1676655355
416,saint anthony,45.0205,-93.218,267.2,56,0,5.66,US,1676655356
417,priiskovyy,51.9333,116.6333,249.51,97,68,2.63,RU,1676655357
418,surab,28.4914,66.2585,287.13,17,5,0.31,PK,1676655357
419,tucurui,-3.7661,-49.6725,300.06,74,98,1.1,BR,1676655357
420,korcula,42.9622,17.1369,285.12,68,1,1.1,HR,1676655358
421,dhidhdhoo,6.8833,73.1,299.9,67,66,3.05,MV,1676655358
422,noumea,-22.2763,166.4572,298.15,99,40,3.0,NC,1676655359
423,bundaberg,-24.85,152.35,293.83,97,96,0.89,AU,1676655187
424,losal,27.4,74.9167,294.07,24,0,2.18,IN,1676655359
425,nizhniy kuranakh,58.8353,125.4869,248.44,99,93,1.63,RU,1676655360
426,yerbogachen,61.2767,108.0108,257.14,98,100,1.56,RU,1676655361
427,skibbereen,51.55,-9.2667,284.88,93,98,8.28,IE,1676655361
428,pafos,34.7667,32.4167,284.03,58,20,2.06,CY,1676655362
429,nalut,30.3333,10.85,286.61,35,0,4.28,LY,1676655363
430,fort nelson,58.8053,-122.7002,255.34,79,100,0.89,CA,1676655363
431,viedma,-40.8135,-62.9967,288.69,47,75,9.3,AR,1676655365
432,pisco,-13.7,-76.2167,300.38,74,0,4.63,PE,1676655312
433,chambersburg,39.9376,-77.6611,282.29,73,98,4.47,US,1676655311
434,voh,-20.9667,164.7,295.26,85,20,2.06,NC,1676655367
435,avdon,54.6667,55.7167,266.77,85,100,2.0,RU,1676655368
436,panzhihua,26.5851,101.7128,284.94,44,55,0.81,CN,1676655368
437,dunedin,-45.8742,170.5036,285.14,89,95,1.73,NZ,1676655214
438,nouadhibou,20.931,-17.0347,294.14,56,0,7.72,MR,1676655152
439,bitung,1.4451,125.1824,297.62,83,74,1.34,ID,1676655369
440,ajdabiya,30.7554,20.2263,287.68,45,16,3.03,LY,1676655370
441,saskylakh,71.9167,114.0833,241.93,100,99,1.9,RU,1676655370
442,gouyave,12.1646,-61.7296,301.58,61,40,11.32,GD,1676655371
443,bakau,13.4781,-16.6819,293.64,76,20,6.93,GM,1676655371
444,iqaluit,63.7506,-68.5145,241.31,60,20,6.17,CA,1676655372
445,batagay-alyta,67.8006,130.4114,243.59,99,100,0.38,RU,1676655372
446,sept-iles,50.2001,-66.3821,260.4,56,100,3.09,CA,1676655346
447,durres,41.3231,19.4414,284.25,79,6,0.28,AL,1676655373
448,tazovskiy,67.4667,78.7,265.59,92,100,4.86,RU,1676655374
449,parauna,-16.9478,-50.4486,302.17,58,99,4.14,BR,1676655374
450,kendari,-3.945,122.4989,297.28,92,53,1.39,ID,1676655375
451,hueytown,33.4512,-86.9967,281.06,68,100,5.14,US,1676655376
452,langsa,4.4683,97.9683,297.17,90,100,1.07,ID,1676655376
453,ixtapa,20.7,-105.2,296.72,64,0,1.54,MX,1676655377
454,crowthorne,51.3703,-0.7922,286.29,74,75,5.14,GB,1676655377
455,simplicio mendes,-7.8539,-41.9103,308.74,30,83,1.84,BR,1676655378
456,sassandra,4.95,-6.0833,301.37,73,36,3.45,CI,1676655379
457,olafsvik,64.8945,-23.7142,273.92,72,91,10.42,IS,1676655379
458,catamarca,-28.4696,-65.7852,287.92,53,98,8.91,AR,1676655113
459,kumluca,36.3703,30.2869,283.83,75,18,0.94,TR,1676655380
460,lima,-12.0432,-77.0282,298.29,69,96,3.6,PE,1676655378
461,malanje,-9.5402,16.341,292.86,92,98,1.81,AO,1676655381
462,brokopondo,4.75,-55.1667,300.32,76,81,3.39,SR,1676655382
463,ettlingen,48.9409,8.4076,287.02,80,100,1.79,DE,1676655382
464,tete,-16.1564,33.5867,303.2,74,40,2.06,MZ,1676655383
465,bairiki,1.3292,172.9752,300.15,89,75,2.06,KI,1676655383
466,palanga,55.9175,21.0686,278.16,100,100,7.2,LT,1676655384
467,teguldet,57.3064,88.1667,265.3,94,100,4.7,RU,1676655386
468,mecca,21.4267,39.8261,295.78,41,78,2.12,SA,1676655102
469,aliwal north,-30.6937,26.7114,292.12,74,88,2.97,ZA,1676655386
470,vicksburg,32.3526,-90.8779,278.0,56,100,8.23,US,1676655387
471,punta alta,-38.8759,-62.0736,290.12,48,20,10.8,AR,1676655388
472,ferrol,43.4832,-8.2369,291.44,82,6,3.75,ES,1676655389
473,bogo,11.0517,124.0055,298.24,86,100,7.4,PH,1676655390
474,alekseyevsk,57.8406,108.3492,261.13,92,100,4.62,RU,1676655391
475,cockburn town,21.4612,-71.1419,299.13,57,40,7.72,TC,1676655391
476,skjervoy,70.0311,20.9714,271.15,71,99,7.46,NO,1676655392
477,vanimo,-2.6741,141.3028,297.89,90,100,2.59,PG,1676655393
478,waipawa,-41.4122,175.5153,283.05,92,7,1.42,NZ,1676655393
479,miri,4.4148,114.0089,299.23,94,40,0.0,MY,1676655394
480,kamenka,51.3223,42.7678,258.34,100,88,2.05,RU,1676655394
481,hanmer springs,-42.5167,172.8167,285.42,88,67,0.7,NZ,1676655395
482,tapikan,6.8519,124.3225,294.61,88,100,0.95,PH,1676655395
483,pimentel,-6.8367,-79.9342,305.31,45,0,3.09,PE,1676655396
484,nizwa,22.9333,57.5333,298.11,18,0,0.51,OM,1676655396
485,betare oya,5.6,14.0833,300.33,21,79,2.17,CM,1676655397
486,pemangkat,1.1667,108.9667,298.24,89,96,2.96,ID,1676655397
487,san benito,36.6166,-121.0844,277.52,33,79,1.37,US,1676655397
488,yulara,-25.2406,130.9889,300.23,49,0,4.49,AU,1676655398
489,jos,9.9167,8.9,295.76,23,10,3.15,NG,1676655398
490,buraydah,26.326,43.975,284.4,37,91,3.01,SA,1676655399
491,aiquile,-18.2041,-65.1807,288.11,82,98,4.14,BO,1676655399
492,ulagan,50.6321,87.9563,251.06,89,23,1.44,RU,1676655400
493,vestmanna,62.1564,-7.1664,274.66,69,40,5.66,FO,1676655400
494,dukat,62.55,155.55,237.36,99,100,2.02,RU,1676655401
495,quelimane,-17.8786,36.8883,297.12,94,75,2.57,MZ,1676655401
496,chunoyar,57.4467,97.3217,265.7,92,100,5.61,RU,1676655402
497,marsh harbour,26.5412,-77.0636,298.13,73,24,7.46,BS,1676655371
498,tarsus,36.9188,34.8784,283.08,55,0,1.64,TR,1676655402
499,uyar,55.81,94.3153,264.99,92,100,8.7,RU,1676655403
500,petropavlovsk-kamchatskiy,53.0452,158.6483,254.69,78,0,3.0,RU,1676655106
501,tyukhtet,56.5389,89.3011,264.19,91,100,6.0,RU,1676655403
502,bourail,-21.5667,165.4833,294.6,84,11,1.41,NC,1676655404
503,walvis bay,-22.9575,14.5053,294.68,68,0,7.2,NA,1676655404
504,umm lajj,25.0213,37.2685,294.82,46,35,9.03,SA,1676655404
505,igrim,63.1906,64.4162,256.35,99,62,1.8,RU,1676655405
506,krasnoarmeysk,51.0239,45.6969,264.14,97,98,2.43,RU,1676655405
507,hay river,60.8156,-115.7999,245.13,76,40,3.6,CA,1676655406
508,carman,49.4992,-98.0016,270.87,68,100,5.66,CA,1676655406
509,yumen,40.2833,97.2,267.78,61,95,1.86,CN,1676655407
510,lewistown,40.5992,-77.5714,280.51,84,100,7.72,US,1676655408
511,camana,-16.6228,-72.7111,298.86,78,82,3.86,PE,1676655408
512,del rio,29.3627,-100.8968,282.11,28,0,1.54,US,1676655392
513,savinka,50.0785,47.0994,263.61,97,94,3.02,RU,1676655409
514,trstena,49.361,19.6125,277.92,100,100,3.74,SK,1676655410
515,elko,41.0002,-115.5012,261.84,65,88,2.24,US,1676655410
516,yeppoon,-23.1333,150.7333,296.03,66,100,5.26,AU,1676655411
517,bassila,9.0081,1.6654,301.91,16,89,1.73,BJ,1676655411
518,umm kaddadah,13.6017,26.6876,291.39,16,0,6.64,SD,1676655411
519,pangkalanbuun,-2.6833,111.6167,296.18,98,16,1.22,ID,1676655412
520,mareeba,-17.0,145.4333,295.62,97,100,1.65,AU,1676655412
521,sibolga,1.7427,98.7792,297.77,80,52,1.45,ID,1676655412
522,bereslavka,48.6254,44.0449,260.2,98,47,2.21,RU,1676655413
523,avera,33.194,-82.5271,289.88,76,100,7.65,US,1676655413
524,fairbanks,64.8378,-147.7164,247.13,78,0,1.54,US,1676655381
525,batelov,49.3143,15.3947,283.08,83,100,10.79,CZ,1676655414
526,carlisle,40.2015,-77.1889,282.23,62,91,4.47,US,1676655414
527,verkhnevilyuysk,63.4453,120.3167,256.85,96,100,1.92,RU,1676655415
528,nanga eboko,4.6833,12.3667,299.51,23,67,0.28,CM,1676655415
529,lucea,18.451,-78.1736,301.96,73,4,7.96,JM,1676655415
530,north bend,43.4065,-124.2243,282.08,81,0,1.54,US,1676655416
531,magadan,59.5667,150.8,249.01,84,80,2.76,RU,1676655416
532,tiznit,29.5833,-9.5,288.89,54,0,9.68,MA,1676655417
533,chimbote,-9.0853,-78.5783,300.44,62,79,4.52,PE,1676655417
534,ust-kut,56.7938,105.7672,262.7,93,100,3.3,RU,1676655417
535,nanortalik,60.1432,-45.2371,273.59,71,100,11.21,GL,1676655418
536,kijang,35.2442,129.2139,279.0,81,100,0.68,KR,1676655418
537,shelburne,44.0787,-80.2041,264.76,83,100,7.08,CA,1676655419
538,kizukuri,40.8061,140.3861,277.33,69,59,4.24,JP,1676655419
539,magrath,49.4167,-112.8686,276.79,48,38,10.8,CA,1676655419
540,san-pedro,4.7485,-6.6363,301.53,73,37,3.47,CI,1676655420
541,bara,10.3744,10.7288,301.03,17,3,4.29,NG,1676655420
542,sarangani,5.4033,125.4636,300.57,77,100,3.82,PH,1676655421
543,lagoa,39.05,-27.9833,288.1,66,100,6.87,PT,1676655421
544,opuwo,-18.0607,13.84,296.49,18,49,6.05,NA,1676655421
545,nisia floresta,-6.0911,-35.2086,304.6,57,16,6.54,BR,1676655422
546,el sauce,12.8869,-86.539,307.47,22,6,4.85,NI,1676655423
547,alyangula,-13.8483,136.4192,300.64,84,100,6.54,AU,1676655424
548,bennettsville,34.6174,-79.6848,295.42,81,100,5.66,US,1676655425
549,broome,42.2506,-75.833,275.94,84,100,6.69,US,1676655425
550,opoczno,51.3757,20.2783,278.66,93,100,9.14,PL,1676655426
551,simao,22.7886,100.9748,284.89,89,100,0.83,CN,1676655426
552,nipawin,53.3668,-104.0009,266.17,68,75,6.69,CA,1676655427
553,guadalupe y calvo,26.1,-106.9667,289.22,16,51,1.52,MX,1676655428
554,kandrian,-6.2167,149.55,297.75,87,88,2.22,PG,1676655428
555,port macquarie,-31.4333,152.9167,289.2,91,5,2.84,AU,1676655429
556,lubango,-14.9172,13.4925,291.61,56,29,3.3,AO,1676655430
557,severnyy,50.677,36.5532,263.17,79,0,3.0,RU,1676655430
558,pascagoula,30.3658,-88.5561,282.61,70,40,5.14,US,1676655431
559,ukiah,39.1502,-123.2078,285.06,45,99,1.11,US,1676655432
560,burnie,-41.0667,145.9167,287.56,83,83,4.32,AU,1676655432
561,hurghada,27.2574,33.8129,293.17,30,0,3.6,EG,1676655433
562,morondava,-20.2833,44.2833,299.85,78,95,3.41,MG,1676655433
563,gizo,-8.103,156.8419,300.88,79,100,3.92,SB,1676655434
564,quatre cocos,-20.2078,57.7625,298.21,75,86,4.69,MU,1676655434
565,katobu,-4.9408,122.5276,297.7,91,88,0.39,ID,1676655435
566,key largo,25.0865,-80.4473,301.48,79,11,4.74,US,1676655436
567,maceio,-9.6658,-35.7353,304.84,55,20,6.17,BR,1676655312
568,bonthe,7.5264,-12.505,301.43,69,9,5.24,SL,1676655437
569,flinders,-34.5833,150.8552,296.14,81,11,1.79,AU,1676655438
570,lufilufi,-13.8745,-171.5986,297.03,79,27,3.5,WS,1676655438
571,san luis,-33.295,-66.3356,287.7,15,17,8.11,AR,1676655439
572,havelock,34.8791,-76.9013,297.56,79,75,11.83,US,1676655146
573,kichmengskiy gorodok,59.9816,45.7854,269.04,87,100,2.1,RU,1676655439
574,port-gentil,-0.7193,8.7815,303.13,74,40,3.6,GA,1676655440
575,beldanga,23.9333,88.25,293.31,41,0,2.53,IN,1676655440
576,bulungu,-4.55,18.6,299.33,66,80,1.36,CD,1676655441
